Workbook

Sheet Dashboard
A1: ONOBASE v1.0 — FEATURE TEST TRACKER
A2: Obnet Pty Ltd © 2026 | Mark each test ✅ PASS ❌ FAIL ⏳ PENDING
A4: # | B4: Feature | C4: Total Tests | D4: Pass | E4: Fail | F4: Pending | G4: % Complete | H4: Status
A5: 1 | B5: App Launch & Canvas | C5: 8 | D5: =COUNTIF('F01_Launch'!D:D,"✅ PASS") | E5: =COUNTIF('F01_Launch'!D:D,"❌ FAIL") | F5: =COUNTIF('F01_Launch'!D:D,"⏳ PENDING") | G5: =IF(C5=0,0,D5/C5) | H5: =IF(E5>0,"⚠ Has Failures",IF(D5=C5,"✅ Complete","⏳ In Progress"))
A6: 2 | B6: Database Connection | C6: 12 | D6: =COUNTIF('F02_Connection'!D:D,"✅ PASS") | E6: =COUNTIF('F02_Connection'!D:D,"❌ FAIL") | F6: =COUNTIF('F02_Connection'!D:D,"⏳ PENDING") | G6: =IF(C6=0,0,D6/C6) | H6: =IF(E6>0,"⚠ Has Failures",IF(D6=C6,"✅ Complete","⏳ In Progress"))
A7: 3 | B7: Module Creation | C7: 12 | D7: =COUNTIF('F03_ModuleCreate'!D:D,"✅ PASS") | E7: =COUNTIF('F03_ModuleCreate'!D:D,"❌ FAIL") | F7: =COUNTIF('F03_ModuleCreate'!D:D,"⏳ PENDING") | G7: =IF(C7=0,0,D7/C7) | H7: =IF(E7>0,"⚠ Has Failures",IF(D7=C7,"✅ Complete","⏳ In Progress"))
A8: 4 | B8: Module Right-Click Settings | C8: 9 | D8: =COUNTIF('F04_ModuleSettings'!D:D,"✅ PASS") | E8: =COUNTIF('F04_ModuleSettings'!D:D,"❌ FAIL") | F8: =COUNTIF('F04_ModuleSettings'!D:D,"⏳ PENDING") | G8: =IF(C8=0,0,D8/C8) | H8: =IF(E8>0,"⚠ Has Failures",IF(D8=C8,"✅ Complete","⏳ In Progress"))
A9: 5 | B9: Query Editor | C9: 14 | D9: =COUNTIF('F05_QueryEditor'!D:D,"✅ PASS") | E9: =COUNTIF('F05_QueryEditor'!D:D,"❌ FAIL") | F9: =COUNTIF('F05_QueryEditor'!D:D,"⏳ PENDING") | G9: =IF(C9=0,0,D9/C9) | H9: =IF(E9>0,"⚠ Has Failures",IF(D9=C9,"✅ Complete","⏳ In Progress"))
A10: 6 | B10: Object Explorer | C10: 8 | D10: =COUNTIF('F06_ObjectExplorer'!D:D,"✅ PASS") | E10: =COUNTIF('F06_ObjectExplorer'!D:D,"❌ FAIL") | F10: =COUNTIF('F06_ObjectExplorer'!D:D,"⏳ PENDING") | G10: =IF(C10=0,0,D10/C10) | H10: =IF(E10>0,"⚠ Has Failures",IF(D10=C10,"✅ Complete","⏳ In Progress"))
A11: 7 | B11: Data Viewer | C11: 12 | D11: =COUNTIF('F07_DataViewer'!D:D,"✅ PASS") | E11: =COUNTIF('F07_DataViewer'!D:D,"❌ FAIL") | F11: =COUNTIF('F07_DataViewer'!D:D,"⏳ PENDING") | G11: =IF(C11=0,0,D11/C11) | H11: =IF(E11>0,"⚠ Has Failures",IF(D11=C11,"✅ Complete","⏳ In Progress"))
A12: 8 | B12: CSV Import | C12: 8 | D12: =COUNTIF('F08_CSVImport'!D:D,"✅ PASS") | E12: =COUNTIF('F08_CSVImport'!D:D,"❌ FAIL") | F12: =COUNTIF('F08_CSVImport'!D:D,"⏳ PENDING") | G12: =IF(C12=0,0,D12/C12) | H12: =IF(E12>0,"⚠ Has Failures",IF(D12=C12,"✅ Complete","⏳ In Progress"))
A13: 9 | B13: Global Search | C13: 8 | D13: =COUNTIF('F09_GlobalSearch'!D:D,"✅ PASS") | E13: =COUNTIF('F09_GlobalSearch'!D:D,"❌ FAIL") | F13: =COUNTIF('F09_GlobalSearch'!D:D,"⏳ PENDING") | G13: =IF(C13=0,0,D13/C13) | H13: =IF(E13>0,"⚠ Has Failures",IF(D13=C13,"✅ Complete","⏳ In Progress"))
A14: 10 | B14: Fake Data Generator | C14: 8 | D14: =COUNTIF('F10_FakeData'!D:D,"✅ PASS") | E14: =COUNTIF('F10_FakeData'!D:D,"❌ FAIL") | F14: =COUNTIF('F10_FakeData'!D:D,"⏳ PENDING") | G14: =IF(C14=0,0,D14/C14) | H14: =IF(E14>0,"⚠ Has Failures",IF(D14=C14,"✅ Complete","⏳ In Progress"))
A15: 11 | B15: Schema Comparison | C15: 9 | D15: =COUNTIF('F11_SchemaCompare'!D:D,"✅ PASS") | E15: =COUNTIF('F11_SchemaCompare'!D:D,"❌ FAIL") | F15: =COUNTIF('F11_SchemaCompare'!D:D,"⏳ PENDING") | G15: =IF(C15=0,0,D15/C15) | H15: =IF(E15>0,"⚠ Has Failures",IF(D15=C15,"✅ Complete","⏳ In Progress"))
A16: 12 | B16: Query Log | C16: 9 | D16: =COUNTIF('F12_QueryLog'!D:D,"✅ PASS") | E16: =COUNTIF('F12_QueryLog'!D:D,"❌ FAIL") | F16: =COUNTIF('F12_QueryLog'!D:D,"⏳ PENDING") | G16: =IF(C16=0,0,D16/C16) | H16: =IF(E16>0,"⚠ Has Failures",IF(D16=C16,"✅ Complete","⏳ In Progress"))
A17: 13 | B17: SSH Tunnel | C17: 7 | D17: =COUNTIF('F13_SSH'!D:D,"✅ PASS") | E17: =COUNTIF('F13_SSH'!D:D,"❌ FAIL") | F17: =COUNTIF('F13_SSH'!D:D,"⏳ PENDING") | G17: =IF(C17=0,0,D17/C17) | H17: =IF(E17>0,"⚠ Has Failures",IF(D17=C17,"✅ Complete","⏳ In Progress"))
A18: 14 | B18: Connection Manager | C18: 8 | D18: =COUNTIF('F14_ConnManager'!D:D,"✅ PASS") | E18: =COUNTIF('F14_ConnManager'!D:D,"❌ FAIL") | F18: =COUNTIF('F14_ConnManager'!D:D,"⏳ PENDING") | G18: =IF(C18=0,0,D18/C18) | H18: =IF(E18>0,"⚠ Has Failures",IF(D18=C18,"✅ Complete","⏳ In Progress"))
A19: 15 | B19: Themes | C19: 8 | D19: =COUNTIF('F15_Themes'!D:D,"✅ PASS") | E19: =COUNTIF('F15_Themes'!D:D,"❌ FAIL") | F19: =COUNTIF('F15_Themes'!D:D,"⏳ PENDING") | G19: =IF(C19=0,0,D19/C19) | H19: =IF(E19>0,"⚠ Has Failures",IF(D19=C19,"✅ Complete","⏳ In Progress"))
A20: 16 | B20: Query Bookmarks | C20: 8 | D20: =COUNTIF('F16_Bookmarks'!D:D,"✅ PASS") | E20: =COUNTIF('F16_Bookmarks'!D:D,"❌ FAIL") | F20: =COUNTIF('F16_Bookmarks'!D:D,"⏳ PENDING") | G20: =IF(C20=0,0,D20/C20) | H20: =IF(E20>0,"⚠ Has Failures",IF(D20=C20,"✅ Complete","⏳ In Progress"))
A21: 17 | B21: Result Charts | C21: 7 | D21: =COUNTIF('F17_Charts'!D:D,"✅ PASS") | E21: =COUNTIF('F17_Charts'!D:D,"❌ FAIL") | F21: =COUNTIF('F17_Charts'!D:D,"⏳ PENDING") | G21: =IF(C21=0,0,D21/C21) | H21: =IF(E21>0,"⚠ Has Failures",IF(D21=C21,"✅ Complete","⏳ In Progress"))
A22: 18 | B22: Cell / JSON Viewer | C22: 6 | D22: =COUNTIF('F18_CellViewer'!D:D,"✅ PASS") | E22: =COUNTIF('F18_CellViewer'!D:D,"❌ FAIL") | F22: =COUNTIF('F18_CellViewer'!D:D,"⏳ PENDING") | G22: =IF(C22=0,0,D22/C22) | H22: =IF(E22>0,"⚠ Has Failures",IF(D22=C22,"✅ Complete","⏳ In Progress"))
A23: 19 | B23: Health Dashboard | C23: 9 | D23: =COUNTIF('F19_Health'!D:D,"✅ PASS") | E23: =COUNTIF('F19_Health'!D:D,"❌ FAIL") | F23: =COUNTIF('F19_Health'!D:D,"⏳ PENDING") | G23: =IF(C23=0,0,D23/C23) | H23: =IF(E23>0,"⚠ Has Failures",IF(D23=C23,"✅ Complete","⏳ In Progress"))
A24: 20 | B24: Keyboard Shortcuts | C24: 8 | D24: =COUNTIF('F20_Shortcuts'!D:D,"✅ PASS") | E24: =COUNTIF('F20_Shortcuts'!D:D,"❌ FAIL") | F24: =COUNTIF('F20_Shortcuts'!D:D,"⏳ PENDING") | G24: =IF(C24=0,0,D24/C24) | H24: =IF(E24>0,"⚠ Has Failures",IF(D24=C24,"✅ Complete","⏳ In Progress"))
A25: TOTALS | C25: 178 | D25: =SUM(D5:D24) | E25: =SUM(E5:E24) | F25: =SUM(F5:F24) | G25: =IF(C25=0,0,D25/C25)

Sheet F01_Launch
A1: ONOBASE — Feature 1 — App Launch & Canvas
A2: Mark Result column: ✅ PASS ❌ FAIL ⏳ PENDING | Add notes in Notes column
A4: # | B4: Test Description | C4: How to Test | D4: Result | E4: Notes / Bug Details
A5: 1 | B5: App launches without blank screen | C5: Run npm run dev — window must show UI immediately | D5: ⏳ PENDING
A6: 2 | B6: Canvas area visible with dark background | C6: Main canvas area shows dark #080C12 background | D6: ⏳ PENDING
A7: 3 | B7: Tile/grid texture visible on canvas | C7: Subtle grid lines visible on canvas background | D7: ⏳ PENDING
A8: 4 | B8: "Onobase" embossed watermark visible | C8: Faint "Onobase" text pressed into background — barely visible | D8: ⏳ PENDING
A9: 5 | B9: Toolbar visible at top with all icon buttons | C9: All toolbar icons rendered, no broken icons | D9: ⏳ PENDING
A10: 6 | B10: StatusBar visible at bottom | C10: Bottom status bar present showing connection state | D10: ⏳ PENDING
A11: 7 | B11: No red errors in DevTools Console | C11: Press F12 → Console — zero red errors | D11: ⏳ PENDING
A12: 8 | B12: Window title correct | C12: Title bar shows "Onobase — Universal Database IDE" | D12: ⏳ PENDING
A13: SUMMARY | D13: =COUNTIF(D5:D12,"✅ PASS")&" / "&COUNTA(D5:D12)&" passed"

Sheet F02_Connection
A1: ONOBASE — Feature 2 — Database Connection
A2: Mark Result column: ✅ PASS ❌ FAIL ⏳ PENDING | Add notes in Notes column
A4: # | B4: Test Description | C4: How to Test | D4: Result | E4: Notes / Bug Details
A5: 1 | B5: Connect button visible in toolbar | C5: Button present and clickable | D5: ⏳ PENDING
A6: 2 | B6: ConnectDialog opens on click | C6: Modal appears with correct title | D6: ⏳ PENDING
A7: 3 | B7: History tab shows previous connections | C7: Past connections listed with timestamp | D7: ⏳ PENDING
A8: 4 | B8: Connection tab has DB type buttons | C8: PostgreSQL / MySQL / SQL Server / SQLite visible | D8: ⏳ PENDING
A9: 5 | B9: Connection Properties tab has all fields | C9: Server Name, Port, Username, Password, Database Name | D9: ⏳ PENDING
A10: 6 | B10: Connection String tab exists | C10: Can switch to connection string input | D10: ⏳ PENDING
A11: 7 | B11: SSH Tunnel tab exists | C11: Third tab "SSH Tunnel" present | D11: ⏳ PENDING
A12: 8 | B12: NO colour picker on connect dialog | C12: Colour swatches must NOT appear here | D12: ⏳ PENDING
A13: 9 | B13: Connect with valid credentials succeeds | C13: Click Connect — no error, dialog closes | D13: ⏳ PENDING
A14: 10 | B14: StatusBar updates with DB name | C14: Bottom bar shows connected database name | D14: ⏳ PENDING
A15: 11 | B15: Wrong password shows error | C15: Incorrect credentials → error message in dialog | D15: ⏳ PENDING
A16: 12 | B16: Cancel closes dialog | C16: Cancel button closes without connecting | D16: ⏳ PENDING
A17: SUMMARY | D17: =COUNTIF(D5:D16,"✅ PASS")&" / "&COUNTA(D5:D16)&" passed"

Sheet F03_ModuleCreate
A1: ONOBASE — Feature 3 — Module Creation
A2: Mark Result column: ✅ PASS ❌ FAIL ⏳ PENDING | Add notes in Notes column
A4: # | B4: Test Description | C4: How to Test | D4: Result | E4: Notes / Bug Details
A5: 1 | B5: New Module button in toolbar | C5: Button visible and clickable | D5: ⏳ PENDING
A6: 2 | B6: ModuleNameDialog opens on click | C6: Dialog appears — not a module created directly | D6: ⏳ PENDING
A7: 3 | B7: Name input is autofocused | C7: Cursor is in name field immediately | D7: ⏳ PENDING
A8: 4 | B8: 40 colour swatches visible | C8: Grid of 40 colours in 10×4 layout | D8: ⏳ PENDING
A9: 5 | B9: Clicking swatch selects it | C9: White ring/border appears on selected swatch | D9: ⏳ PENDING
A10: 6 | B10: Custom colour wheel picker present | C10: Native colour picker input visible | D10: ⏳ PENDING
A11: 7 | B11: Hex input accepts custom colour | C11: Type #FF5500 → colour updates | D11: ⏳ PENDING
A12: 8 | B12: Colour preview swatch updates live | C12: Preview circle updates as hex is typed | D12: ⏳ PENDING
A13: 9 | B13: Empty name → error shown | C13: Red error text: name cannot be empty | D13: ⏳ PENDING
A14: 10 | B14: Duplicate name → blocked | C14: Red error when name matches existing module | D14: ⏳ PENDING
A15: 11 | B15: Duplicate colour → blocked | C15: Red error when colour matches existing module | D15: ⏳ PENDING
A16: 12 | B16: Valid input → module on canvas | C16: Module appears on canvas with correct name and colour | D16: ⏳ PENDING
A17: SUMMARY | D17: =COUNTIF(D5:D16,"✅ PASS")&" / "&COUNTA(D5:D16)&" passed"

Sheet F04_ModuleSettings
A1: ONOBASE — Feature 4 — Module Right-Click Settings
A2: Mark Result column: ✅ PASS ❌ FAIL ⏳ PENDING | Add notes in Notes column
A4: # | B4: Test Description | C4: How to Test | D4: Result | E4: Notes / Bug Details
A5: 1 | B5: Right-click module → context menu appears | C5: Small menu pops up at cursor position | D5: ⏳ PENDING
A6: 2 | B6: Context menu has ⚙ Settings item | C6: Settings option visible in menu | D6: ⏳ PENDING
A7: 3 | B7: Click Settings → dialog opens in edit mode | C7: Dialog title shows "Module Settings" not "New Module" | D7: ⏳ PENDING
A8: 4 | B8: Dialog pre-filled with current name | C8: Existing name shown in input field | D8: ⏳ PENDING
A9: 5 | B9: Dialog pre-filled with current colour | C9: Current colour swatch highlighted | D9: ⏳ PENDING
A10: 6 | B10: Duplicate name validation works in edit mode | C10: Cannot save with another module's name | D10: ⏳ PENDING
A11: 7 | B11: Duplicate colour validation works in edit mode | C11: Cannot save with another module's colour | D11: ⏳ PENDING
A12: 8 | B12: Save → module updates on canvas | C12: Canvas reflects new name and/or colour | D12: ⏳ PENDING
A13: 9 | B13: Click outside menu → menu closes | C13: Clicking canvas dismisses context menu | D13: ⏳ PENDING
A14: SUMMARY | D14: =COUNTIF(D5:D13,"✅ PASS")&" / "&COUNTA(D5:D13)&" passed"

Sheet F05_QueryEditor
A1: ONOBASE — Feature 5 — Query Editor
A2: Mark Result column: ✅ PASS ❌ FAIL ⏳ PENDING | Add notes in Notes column
A4: # | B4: Test Description | C4: How to Test | D4: Result | E4: Notes / Bug Details
A5: 1 | B5: Query editor tab opens | C5: New tab with Monaco editor appears | D5: ⏳ PENDING
A6: 2 | B6: Monaco editor renders | C6: Code editor visible — not blank area | D6: ⏳ PENDING
A7: 3 | B7: SQL syntax highlighting works | C7: Keywords coloured correctly | D7: ⏳ PENDING
A8: 4 | B8: Can type SQL | C8: Text input works in editor | D8: ⏳ PENDING
A9: 5 | B9: Ctrl+Enter runs query | C9: Results appear below | D9: ⏳ PENDING
A10: 6 | B10: F5 also runs query | C10: Alternative shortcut works | D10: ⏳ PENDING
A11: 7 | B11: Results grid appears after query | C11: Data table renders with columns and rows | D11: ⏳ PENDING
A12: 8 | B12: Row limit shows in toolbar | C12: Current row limit visible | D12: ⏳ PENDING
A13: 9 | B13: Warning bar for dangerous SQL | C13: Type DELETE FROM x — warning bar appears BEFORE clicking run | D13: ⏳ PENDING
A14: 10 | B14: DELETE without WHERE → blocked | C14: Dialog appears, must confirm with checkbox | D14: ⏳ PENDING
A15: 11 | B15: UPDATE without WHERE → blocked | C15: Dialog appears, must confirm with checkbox | D15: ⏳ PENDING
A16: 12 | B16: DROP TABLE → blocked | C16: Catastrophic warning dialog | D16: ⏳ PENDING
... A18: 14 | B18: Safe query runs immediately | C18: SELECT id FROM users LIMIT 10 — no dialog, runs instantly | D18: ⏳ PENDING
A19: SUMMARY | D19: =COUNTIF(D5:D18,"✅ PASS")&" / "&COUNTA(D5:D18)&" passed"

Sheet F06_ObjectExplorer
A1: ONOBASE — Feature 6 — Object Explorer
A2: Mark Result column: ✅ PASS ❌ FAIL ⏳ PENDING | Add notes in Notes column
A4: # | B4: Test Description | C4: How to Test | D4: Result | E4: Notes / Bug Details
A5: 1 | B5: Object Explorer panel visible when connected | C5: Left panel shows after connecting | D5: ⏳ PENDING
A6: 2 | B6: Schemas listed in tree | C6: Expand shows schema names | D6: ⏳ PENDING
A7: 3 | B7: Tables listed under schemas | C7: Expand schema → shows table names | D7: ⏳ PENDING
A8: 4 | B8: Expand table shows columns | C8: Column names and types visible | D8: ⏳ PENDING
A9: 5 | B9: Right-click table → context menu | C9: Menu appears with options | D9: ⏳ PENDING
A10: 6 | B10: Context menu has "View Data" | C10: Opens DataViewer tab | D10: ⏳ PENDING
A11: 7 | B11: Context menu has "Import CSV" | C11: Opens CSV Import modal | D11: ⏳ PENDING
A12: 8 | B12: Context menu has "Generate Test Data" | C12: Opens Fake Data Generator modal | D12: ⏳ PENDING
A13: SUMMARY | D13: =COUNTIF(D5:D12,"✅ PASS")&" / "&COUNTA(D5:D12)&" passed"

Sheet F07_DataViewer
A1: ONOBASE — Feature 7 — Data Viewer
A2: Mark Result column: ✅ PASS ❌ FAIL ⏳ PENDING | Add notes in Notes column
A4: # | B4: Test Description | C4: How to Test | D4: Result | E4: Notes / Bug Details
A5: 1 | B5: Right-click table → View Data opens tab | C5: DataViewer tab appears with table name | D5: ⏳ PENDING
A6: 2 | B6: AG Grid renders with data | C6: Rows and columns visible | D6: ⏳ PENDING
A7: 3 | B7: PK column pinned left | C7: Primary key column fixed on left side | D7: ⏳ PENDING
A8: 4 | B8: PK column has teal tint background | C8: Subtle green/teal background on PK column | D8: ⏳ PENDING
A9: 5 | B9: PK column is NOT editable | C9: Clicking PK cell does not allow editing | D9: ⏳ PENDING
A10: 6 | B10: Non-PK cells are editable | C10: Click cell → edit mode activates | D10: ⏳ PENDING
A11: 7 | B11: Edited cells highlight yellow | C11: Changed cell gets yellow background | D11: ⏳ PENDING
A12: 8 | B12: Save Changes shows pending count | C12: Button label shows "Save (3)" etc. | D12: ⏳ PENDING
A13: 9 | B13: Save → updates database | C13: Check DB directly — value changed | D13: ⏳ PENDING
A14: 10 | B14: Success toast after save | C14: "X cells updated" message appears | D14: ⏳ PENDING
A15: 11 | B15: Select rows → Delete → confirmation | C15: Dialog asks to confirm deletion | D15: ⏳ PENDING
A16: 12 | B16: Pagination controls work | C16: Page forward/back changes rows shown | D16: ⏳ PENDING
A17: SUMMARY | D17: =COUNTIF(D5:D16,"✅ PASS")&" / "&COUNTA(D5:D16)&" passed"

Sheet F08_CSVImport
A1: ONOBASE — Feature 8 — CSV Import
A2: Mark Result column: ✅ PASS ❌ FAIL ⏳ PENDING | Add notes in Notes column
A4: # | B4: Test Description | C4: How to Test | D4: Result | E4: Notes / Bug Details
A5: 1 | B5: Right-click table → Import CSV → modal opens | C5: Glass modal appears | D5: ⏳ PENDING
A6: 2 | B6: Drag and drop CSV file works | C6: File accepted when dropped on modal | D6: ⏳ PENDING
A7: 3 | B7: Preview shows first 5 rows | C7: Table preview of CSV data visible | D7: ⏳ PENDING
A8: 4 | B8: Column mapping dropdowns work | C8: Each CSV column maps to a DB column | D8: ⏳ PENDING
A9: 5 | B9: Import button runs with progress | C9: Progress indicator shown during import | D9: ⏳ PENDING
A10: 6 | B10: Success toast shows row count | C10: "X rows imported" message appears | D10: ⏳ PENDING
A11: 7 | B11: Data appears in table after import | C11: View Data confirms rows were inserted | D11: ⏳ PENDING
A12: 8 | B12: Invalid CSV shows error | C12: Malformed file handled gracefully | D12: ⏳ PENDING
A13: SUMMARY | D13: =COUNTIF(D5:D12,"✅ PASS")&" / "&COUNTA(D5:D12)&" passed"

Sheet F09_GlobalSearch
A1: ONOBASE — Feature 9 — Global Search
A2: Mark Result column: ✅ PASS ❌ FAIL ⏳ PENDING | Add notes in Notes column
A4: # | B4: Test Description | C4: How to Test | D4: Result | E4: Notes / Bug Details
A5: 1 | B5: Ctrl+Shift+F opens search overlay | C5: Search modal appears | D5: ⏳ PENDING
A6: 2 | B6: Escape closes overlay | C6: Modal dismisses on Escape key | D6: ⏳ PENDING
A7: 3 | B7: Search icon in toolbar works | C7: Clicking icon also opens overlay | D7: ⏳ PENDING
A8: 4 | B8: Typing searches across tables | C8: Results populate as you type | D8: ⏳ PENDING
A9: 5 | B9: Results show table + column + value | C9: Each result has full context | D9: ⏳ PENDING
A10: 6 | B10: "Open Table" button works | C10: Clicks opens DataViewer for that table | D10: ⏳ PENDING
A11: 7 | B11: Empty results state shown | C11: "No results for X" message when nothing found | D11: ⏳ PENDING
A12: 8 | B12: Loading state shown | C12: Spinner visible while searching | D12: ⏳ PENDING
A13: SUMMARY | D13: =COUNTIF(D5:D12,"✅ PASS")&" / "&COUNTA(D5:D12)&" passed"

Sheet F10_FakeData
A1: ONOBASE — Feature 10 — Fake Data Generator
A2: Mark Result column: ✅ PASS ❌ FAIL ⏳ PENDING | Add notes in Notes column
A4: # | B4: Test Description | C4: How to Test | D4: Result | E4: Notes / Bug Details
A5: 1 | B5: Right-click table → Generate Test Data | C5: Modal opens | D5: ⏳ PENDING
A6: 2 | B6: Table selector dropdown populated | C6: All tables listed | D6: ⏳ PENDING
A7: 3 | B7: Row count input works | C7: Can type custom number | D7: ⏳ PENDING
A8: 4 | B8: Preset buttons work [10][100][1000][5000] | C8: Clicking presets sets count | D8: ⏳ PENDING
A9: 5 | B9: Column preview shows sample values | C9: Each column shows realistic fake value | D9: ⏳ PENDING
A10: 6 | B10: Preview regenerates on button click | C10: "Regenerate Preview" updates samples | D10: ⏳ PENDING
A11: 7 | B11: Generate inserts rows | C11: Click Generate — rows added to table | D11: ⏳ PENDING
A12: 8 | B12: Success toast shows count | C12: "X rows inserted" message | D12: ⏳ PENDING
A13: SUMMARY | D13: =COUNTIF(D5:D12,"✅ PASS")&" / "&COUNTA(D5:D12)&" passed"

Sheet F11_SchemaCompare
A1: ONOBASE — Feature 11 — Schema Comparison
A2: Mark Result column: ✅ PASS ❌ FAIL ⏳ PENDING | Add notes in Notes column
A4: # | B4: Test Description | C4: How to Test | D4: Result | E4: Notes / Bug Details
A5: 1 | B5: GitCompare toolbar button opens tab | C5: Schema Comparison tab appears | D5: ⏳ PENDING
A6: 2 | B6: Connection A shown as Primary | C6: Current connection displayed with "Primary" badge | D6: ⏳ PENDING
A7: 3 | B7: "Connect Database B" button works | C7: Opens connect dialog for second connection | D7: ⏳ PENDING
A8: 4 | B8: "Compare Schemas" button runs diff | C8: Results appear after clicking | D8: ⏳ PENDING
A9: 5 | B9: Summary cards show counts | C9: Four cards: only-in-A, only-in-B, in-both, column-diffs | D9: ⏳ PENDING
A10: 6 | B10: "Only in A" tab lists missing tables | C10: Tables with red background | D10: ⏳ PENDING
A11: 7 | B11: "Only in B" tab lists extra tables | C11: Tables with green background | D11: ⏳ PENDING
A12: 8 | B12: "Column Differences" tab shows grid | C12: AG Grid with table/column/status/detail | D12: ⏳ PENDING
A13: 9 | B13: "Generate Migration Script" opens SQL | C13: New query tab with ALTER TABLE statements | D13: ⏳ PENDING
A14: SUMMARY | D14: =COUNTIF(D5:D13,"✅ PASS")&" / "&COUNTA(D5:D13)&" passed"

Sheet F12_QueryLog
A1: ONOBASE — Feature 12 — Query Log
A2: Mark Result column: ✅ PASS ❌ FAIL ⏳ PENDING | Add notes in Notes column
A4: # | B4: Test Description | C4: How to Test | D4: Result | E4: Notes / Bug Details
A5: 1 | B5: History toolbar button opens Query Log tab | C5: Tab appears | D5: ⏳ PENDING
A6: 2 | B6: Previous queries listed | C6: Past queries visible with timestamps | D6: ⏳ PENDING
A7: 3 | B7: Status icons show ✓ or ✗ | C7: Green tick for success, red cross for failure | D7: ⏳ PENDING
A8: 4 | B8: Duration shown in ms | C8: Execution time visible per query | D8: ⏳ PENDING
A9: 5 | B9: Search input filters log | C9: Typing narrows results | D9: ⏳ PENDING
A10: 6 | B10: Row click shows full SQL in panel | C10: Side panel appears with complete SQL | D10: ⏳ PENDING
A11: 7 | B11: "Open in Editor" button works | C11: SQL loads into new query tab | D11: ⏳ PENDING
A12: 8 | B12: Log persists after app restart | C12: Close and reopen — queries still there | D12: ⏳ PENDING
A13: 9 | B13: Clear Log with confirmation works | C13: Confirmation dialog before clearing | D13: ⏳ PENDING
A14: SUMMARY | D14: =COUNTIF(D5:D13,"✅ PASS")&" / "&COUNTA(D5:D13)&" passed"

Sheet F13_SSH
A1: ONOBASE — Feature 13 — SSH Tunnel
A2: Mark Result column: ✅ PASS ❌ FAIL ⏳ PENDING | Add notes in Notes column
A4: # | B4: Test Description | C4: How to Test | D4: Result | E4: Notes / Bug Details
A5: 1 | B5: ConnectDialog → SSH Tunnel tab visible | C5: Third tab present | D5: ⏳ PENDING
A6: 2 | B6: "Use SSH Tunnel" toggle exists | C6: Checkbox/toggle to enable SSH | D6: ⏳ PENDING
A7: 3 | B7: Toggle enables SSH fields | C7: Fields appear when toggle is ON | D7: ⏳ PENDING
A8: 4 | B8: SSH Host / Port / Username fields present | C8: All three fields visible | D8: ⏳ PENDING
A9: 5 | B9: Auth method selector: Password | Private Key | C9: Can switch between auth types | D9: ⏳ PENDING
A10: 6 | B10: Private Key has Browse button | C10: File picker opens on Browse click | D10: ⏳ PENDING
A11: 7 | B11: StatusBar shows 🔒 SSH when tunnel active | C11: Indicator visible in status bar | D11: ⏳ PENDING
A12: SUMMARY | D12: =COUNTIF(D5:D11,"✅ PASS")&" / "&COUNTA(D5:D11)&" passed"

Sheet F14_ConnManager
A1: ONOBASE — Feature 14 — Connection Manager
A2: Mark Result column: ✅ PASS ❌ FAIL ⏳ PENDING | Add notes in Notes column
A4: # | B4: Test Description | C4: How to Test | D4: Result | E4: Notes / Bug Details
A5: 1 | B5: Server toolbar button opens Connection Manager | C5: Tab appears | D5: ⏳ PENDING
A6: 2 | B6: Left panel shows groups tree | C6: Group list visible | D6: ⏳ PENDING
A7: 3 | B7: "+ New Group" button works | C7: Creates new group in tree | D7: ⏳ PENDING
A8: 4 | B8: Right-click group → rename works | C8: Can rename group inline | D8: ⏳ PENDING
A9: 5 | B9: Right-click group → delete works | C9: Group removed after confirm | D9: ⏳ PENDING
A10: 6 | B10: Right-click group → change colour works | C10: Colour picker for group appears | D10: ⏳ PENDING
A11: 7 | B11: Connections list for selected group | C11: Right panel shows connections in group | D11: ⏳ PENDING
A12: 8 | B12: Connect button per row works | C12: Connects to that saved connection | D12: ⏳ PENDING
A13: SUMMARY | D13: =COUNTIF(D5:D12,"✅ PASS")&" / "&COUNTA(D5:D12)&" passed"

Sheet F15_Themes
A1: ONOBASE — Feature 15 — Themes
A2: Mark Result column: ✅ PASS ❌ FAIL ⏳ PENDING | Add notes in Notes column
A4: # | B4: Test Description | C4: How to Test | D4: Result | E4: Notes / Bug Details
A5: 1 | B5: Settings panel has Appearance section | C5: Section visible in Settings | D5: ⏳ PENDING
A6: 2 | B6: Dark theme card visible | C6: Card with 3 colour dots + name | D6: ⏳ PENDING
A7: 3 | B7: Midnight Blue theme card visible | C7: Card present | D7: ⏳ PENDING
A8: 4 | B8: Forest theme card visible | C8: Card present | D8: ⏳ PENDING
A9: 5 | B9: Ocean theme card visible | C9: Card present | D9: ⏳ PENDING
A10: 6 | B10: Light theme card visible | C10: Card present | D10: ⏳ PENDING
A11: 7 | B11: Clicking theme updates UI immediately | C11: No reload — entire app changes | D11: ⏳ PENDING
A12: 8 | B12: Theme persists after app restart | C12: Close and reopen — theme remembered | D12: ⏳ PENDING
A13: SUMMARY | D13: =COUNTIF(D5:D12,"✅ PASS")&" / "&COUNTA(D5:D12)&" passed"

Sheet F16_Bookmarks
A1: ONOBASE — Feature 16 — Query Bookmarks
A2: Mark Result column: ✅ PASS ❌ FAIL ⏳ PENDING | Add notes in Notes column
A4: # | B4: Test Description | C4: How to Test | D4: Result | E4: Notes / Bug Details
A5: 1 | B5: Bookmark icon in QueryEditor toolbar | C5: Icon visible | D5: ⏳ PENDING
A6: 2 | B6: Click bookmark → name prompt appears | C6: Input asks for bookmark name | D6: ⏳ PENDING
A7: 3 | B7: Bookmarked query shows filled icon | C7: Icon changes to indicate saved | D7: ⏳ PENDING
A8: 4 | B8: Bookmarks panel/sidebar accessible | C8: Can open list of all bookmarks | D8: ⏳ PENDING
A9: 5 | B9: Bookmark list shows name + tags | C9: Details visible per bookmark | D9: ⏳ PENDING
A10: 6 | B10: Clicking bookmark loads SQL in editor | C10: SQL populates active editor | D10: ⏳ PENDING
A11: 7 | B11: Click filled icon removes bookmark | C11: Removed from list | D11: ⏳ PENDING
A12: 8 | B12: Bookmarks persist after restart | C12: Still present after close/reopen | D12: ⏳ PENDING
A13: SUMMARY | D13: =COUNTIF(D5:D12,"✅ PASS")&" / "&COUNTA(D5:D12)&" passed"

Sheet F17_Charts
A1: ONOBASE — Feature 17 — Result Charts
A2: Mark Result column: ✅ PASS ❌ FAIL ⏳ PENDING | Add notes in Notes column
A4: # | B4: Test Description | C4: How to Test | D4: Result | E4: Notes / Bug Details
A5: 1 | B5: Run a SELECT query → Chart tab appears | C5: Tab visible alongside Results tab | D5: ⏳ PENDING
A6: 2 | B6: Chart type selector: Bar/Line/Pie | C6: Can switch between chart types | D6: ⏳ PENDING
A7: 3 | B7: Bar chart renders correctly | C7: Bars visible with data | D7: ⏳ PENDING
A8: 4 | B8: Line chart renders correctly | C8: Line visible with data points | D8: ⏳ PENDING
A9: 5 | B9: Pie chart renders correctly | C9: Slices visible with labels | D9: ⏳ PENDING
A10: 6 | B10: X axis column selector works | C10: Changing X updates chart | D10: ⏳ PENDING
A11: 7 | B11: Y axis column selector works | C11: Changing Y updates chart | D11: ⏳ PENDING
A12: SUMMARY | D12: =COUNTIF(D5:D11,"✅ PASS")&" / "&COUNTA(D5:D11)&" passed"

Sheet F18_CellViewer
A1: ONOBASE — Feature 18 — Cell / JSON Viewer
A2: Mark Result column: ✅ PASS ❌ FAIL ⏳ PENDING | Add notes in Notes column
A4: # | B4: Test Description | C4: How to Test | D4: Result | E4: Notes / Bug Details
A5: 1 | B5: Double-click JSON cell → tree viewer opens | C5: Collapsible JSON tree shown | D5: ⏳ PENDING
A6: 2 | B6: JSON tree is expandable/collapsible | C6: Can expand nested objects | D6: ⏳ PENDING
A7: 3 | B7: Double-click XML cell → formatted XML shown | C7: Indented XML displayed | D7: ⏳ PENDING
A8: 4 | B8: Double-click base64 image → image preview | C8: Image renders in viewer | D8: ⏳ PENDING
A9: 5 | B9: Copy button copies raw value | C9: Clipboard receives cell contents | D9: ⏳ PENDING
A10: 6 | B10: Viewer closes cleanly | C10: ESC or X closes without issues | D10: ⏳ PENDING
A11: SUMMARY | D11: =COUNTIF(D5:D10,"✅ PASS")&" / "&COUNTA(D5:D10)&" passed"

Sheet F19_Health
A1: ONOBASE — Feature 19 — Health Dashboard
A2: Mark Result column: ✅ PASS ❌ FAIL ⏳ PENDING | Add notes in Notes column
A4: # | B4: Test Description | C4: How to Test | D4: Result | E4: Notes / Bug Details
A5: 1 | B5: HeartPulse toolbar button opens Health tab | C5: Tab appears | D5: ⏳ PENDING
A6: 2 | B6: DB Size metric card loads | C6: Shows database size value | D6: ⏳ PENDING
A7: 3 | B7: Active Connections metric card loads | C7: Shows connection count | D7: ⏳ PENDING
A8: 4 | B8: Cache Hit Rate metric card loads | C8: Shows percentage value | D8: ⏳ PENDING
A9: 5 | B9: Tables count metric card loads | C9: Shows number of tables | D9: ⏳ PENDING
A10: 6 | B10: Table Health AG Grid loads | C10: Shows table name, live rows, dead %, size | D10: ⏳ PENDING
A11: 7 | B11: Cache hit rate gauge renders | C11: RadialBarChart visible | D11: ⏳ PENDING
A12: 8 | B12: Unused Indexes grid loads | C12: Shows index name, scans, size | D12: ⏳ PENDING
A13: 9 | B13: Refresh button works | C13: Data reloads on click | D13: ⏳ PENDING
A14: SUMMARY | D14: =COUNTIF(D5:D13,"✅ PASS")&" / "&COUNTA(D5:D13)&" passed"

Sheet F20_Shortcuts
A1: ONOBASE — Feature 20 — Keyboard Shortcuts
A2: Mark Result column: ✅ PASS ❌ FAIL ⏳ PENDING | Add notes in Notes column
A4: # | B4: Test Description | C4: How to Test | D4: Result | E4: Notes / Bug Details
A5: 1 | B5: Settings → Keyboard Shortcuts section visible | C5: Section present in Settings | D5: ⏳ PENDING
A6: 2 | B6: Query Editor category shown | C6: Section with query shortcuts | D6: ⏳ PENDING
A7: 3 | B7: Application category shown | C7: Section with app shortcuts | D7: ⏳ PENDING
A8: 4 | B8: Canvas category shown | C8: Section with canvas shortcuts | D8: ⏳ PENDING
A9: 5 | B9: Key badges styled correctly | C9: Keys shown as pill/badge style | D9: ⏳ PENDING
A10: 6 | B10: Ctrl+Enter runs query | C10: Actually works in query editor | D10: ⏳ PENDING
A11: 7 | B11: Ctrl+N opens new query tab | C11: Actually works | D11: ⏳ PENDING
A12: 8 | B12: Ctrl+W closes current tab | C12: Actually works | D12: ⏳ PENDING
A13: SUMMARY | D13: =COUNTIF(D5:D12,"✅ PASS")&" / "&COUNTA(D5:D12)&" passed"
